{"name":"86b444cf-bcc7-412c-b29d-d8340075e993","id":"/providers/Microsoft.Flow/flows/86b444cf-bcc7-412c-b29d-d8340075e993","type":"Microsoft.Flow/flows","properties":{"apiId":"/providers/Microsoft.PowerApps/apis/shared_logicflows","displayName":"Bismillaahhhh","definition":{"metadata":{"workflowEntityId":null,"processAdvisorMetadata":null,"flowclientsuspensionreason":"None","flowclientsuspensiontime":null,"creator":{"id":"d462c9f3-f779-4360-b615-c74fe44b695f","type":"User","tenantId":"fcb2b37b-5da0-466b-9b83-0014b67a7c78"},"provisioningMethod":"FromDefinition","failureAlertSubscription":true,"clientLastModifiedTime":"2022-05-31T09:30:32.5720338Z"},"$schema":"https://schema.management.azure.com/providers/Microsoft.Logic/schemas/2016-06-01/workflowdefinition.json#","contentVersion":"1.0.0.0","parameters":{"$connections":{"defaultValue":{},"type":"Object"},"$authentication":{"defaultValue":{},"type":"SecureObject"}},"triggers":{"manual":{"metadata":{"operationMetadataId":"fb234c73-9fc7-4457-8236-8c6d77c3b99f"},"type":"Request","kind":"PowerApp","inputs":{"schema":{"type":"object","properties":{"Content_Inputs":{"type":"any","description":"Inputs","x-ms-powerflows-param-ispartial":false}},"required":["Content_Inputs"]}}}},"actions":{"Content":{"runAfter":{},"metadata":{"operationMetadataId":"fcade199-270e-4afc-ba3e-124d8be5ec84"},"type":"Compose","inputs":"@triggerBody()['Content_Inputs']"},"Create_CSV_table":{"runAfter":{"Content":["Succeeded"]},"metadata":{"operationMetadataId":"4fc42fa9-199e-45e1-a623-7b34f9addf3e"},"type":"Table","inputs":{"from":"@json(outputs('Content'))","format":"CSV"}},"Create_file":{"runAfter":{"Create_CSV_table":["Succeeded"]},"metadata":{"operationMetadataId":"2e6fcb9e-e607-4fa4-ac70-16729400d30c"},"type":"OpenApiConnection","inputs":{"host":{"apiId":"/providers/Microsoft.PowerApps/apis/shared_onedriveforbusiness","connectionName":"shared_onedriveforbusiness","operationId":"CreateFile"},"parameters":{"folderPath":"/","name":"@{utcNow()}.csv","body":"@body('Create_CSV_table')"},"authentication":{"value":"@json(decodeBase64(triggerOutputs().headers['X-MS-APIM-Tokens']))['$ConnectionKey']","type":"Raw"}},"runtimeConfiguration":{"contentTransfer":{"transferMode":"Chunked"}}},"Create_share_link":{"runAfter":{"Create_file":["Succeeded"]},"metadata":{"operationMetadataId":"e918d3b9-913d-4628-93e3-5b0ab38bd2ba"},"type":"OpenApiConnection","inputs":{"host":{"apiId":"/providers/Microsoft.PowerApps/apis/shared_onedriveforbusiness","connectionName":"shared_onedriveforbusiness","operationId":"CreateShareLinkV2"},"parameters":{"id":"@outputs('Create_file')?['body/Id']","type":"View","scope":"Organization"},"authentication":{"value":"@json(decodeBase64(triggerOutputs().headers['X-MS-APIM-Tokens']))['$ConnectionKey']","type":"Raw"}}},"Respond_to_a_PowerApp_or_flow":{"runAfter":{"Create_share_link":["Succeeded"]},"metadata":{"operationMetadataId":"96ae4092-45d2-49ab-b6fd-cebd61b304c3"},"type":"Response","kind":"PowerApp","inputs":{"statusCode":200,"body":{"filelink":"@outputs('Create_share_link')?['body/WebUrl']"},"schema":{"type":"object","properties":{"filelink":{"title":"FileLink","x-ms-dynamically-added":true,"type":"string"}}}}}}},"connectionReferences":{"shared_onedriveforbusiness":{"connectionName":"e2741788889741b6998770cf6c89ebb9","source":"Invoker","id":"/providers/Microsoft.PowerApps/apis/shared_onedriveforbusiness","tier":"NotSpecified"}},"flowFailureAlertSubscribed":false,"isManaged":false}}