{"schemaVersion":"1.0","appDefinitionTemplate":{"id":"/providers/Microsoft.PowerApps/apps/","type":"Microsoft.PowerApps/apps","tags":{"primaryDeviceWidth":"1024","primaryDeviceHeight":"768","supportsPortrait":"true","supportsLandscape":"true","primaryFormFactor":"Tablet","publisherVersion":"3.22055.10","minimumRequiredApiVersion":"2.2.0","hasComponent":"true","hasUnlockedComponent":"true","isUnifiedRootApp":"false","sienaVersion":"20220609T042606Z-3.22055.6.0"},"properties":{"appVersion":"2022-06-09T04:26:06Z","lifeCycleId":"Published","createdByClientVersion":{"major":3,"minor":22055,"build":10,"revision":0,"majorRevision":0,"minorRevision":0},"minClientVersion":{"major":3,"minor":22055,"build":10,"revision":0,"majorRevision":0,"minorRevision":0},"backgroundColor":"rgba(0, 18, 107, 1)","backgroundImageUri":"/9715582529099001101/Nb546652a-1823-4657-9b19-29c7929a871e-logoSmallFile","displayName":"Meeting Room Checking","description":"","commitMessage":"","appUris":{"documentUri":{"value":"/9715582529099001101/Nc4d8d9a9-6e88-4f88-a13b-10da5de047f4-document.msapp"},"imageUris":[]},"createdTime":"0001-01-01T00:00:00Z","lastModifiedTime":"0001-01-01T00:00:00Z","sharedGroupsCount":0,"sharedUsersCount":0,"icons":{"smallIconUri":"/9715582529099001101/N36ad2b38-76cd-4063-9018-2a143bf5adfe-small.png","mediumIconUri":"/9715582529099001101/N4d7a3daa-7182-46b8-b9ac-a0f8b8f11a44-medium.png","largeIconUri":"/9715582529099001101/Nd5bf3a37-a8fb-417f-90e4-56cdfe859201-large.png","wideIconUri":"/9715582529099001101/N6e27ed94-5ceb-4691-95dc-38548e6d09dd-wide.png"},"connectionReferences":{"e5a9b2f8-87e7-408d-9cbc-f20fa6aed5b7":{"id":"484f3e9d-4be3-41f0-a1af-a93a3a06fb9b","displayName":"SharePoint","iconUri":"https://connectoricons-prod.azureedge.net/releases/v1.0.1578/1.0.1578.2813/sharepointonline/icon.png","dataSources":["Product - TestPowerApps","M_Room","T_RoomStatus","T_MeetingRoomCheck","M_MeetingRoom"],"dependencies":[],"dependents":[],"parameterHints":{},"parameterHintsV2":{},"isOnPremiseConnection":false,"bypassConsent":false,"dataSets":{"https://bayergroup.sharepoint.com/sites/004021/CPL.ID/CFO/IT/itlocalportal":{"dataSources":{"Product - TestPowerApps":{"tableName":"e25b0865-2173-4182-af77-12a9eb83df80"},"M_Room":{"tableName":"13ce7e11-8fdf-40d6-8b47-02fca919a9eb"},"T_RoomStatus":{"tableName":"6db0093a-3eb2-420e-9210-3f3d2af50c42"}}},"https://bayergroup.sharepoint.com/sites/027294":{"dataSources":{"T_MeetingRoomCheck":{"tableName":"3a4ef9db-7bea-4d76-811b-34e329e50e2d"},"M_MeetingRoom":{"tableName":"80263f4d-6337-4a14-a998-3035593de765"}}}},"apiTier":"Standard","isCustomApiConnection":false,"actions":["providers/PowerPlatform.Governance/Operations/Read","providers/PowerPlatform.Governance/Operations/Write","providers/PowerPlatform.Governance/Operations/Delete"]},"2d069d38-b672-47bc-9b6d-7a444296075b":{"id":"11c15bef-1243-4894-993b-4dc76da053c9","displayName":"Office 365 Users","iconUri":"https://connectoricons-prod.azureedge.net/releases/v1.0.1573/1.0.1573.2770/office365users/icon.png","dataSources":["Office365Users"],"dependencies":[],"dependents":[],"parameterHints":{},"parameterHintsV2":{},"isOnPremiseConnection":false,"bypassConsent":false,"dataSets":{},"apiTier":"Standard","isCustomApiConnection":false},"4a53ac59-6f2e-42f6-bd05-f0deeefc5b34":{"id":"723e1f5b-faa7-4afd-8359-81ff3508ebc3","displayName":"Office 365 Outlook","iconUri":"https://connectoricons-prod.azureedge.net/releases/v1.0.1580/1.0.1580.2838/office365/icon.png","dataSources":["Office365Outlook"],"dependencies":[],"dependents":[],"parameterHints":{},"parameterHintsV2":{},"isOnPremiseConnection":false,"bypassConsent":false,"dataSets":{},"apiTier":"Standard","isCustomApiConnection":false},"5ae6f1f5-0613-457a-95f1-c1c88f015c95":{"id":"5f6df546-1224-423f-988e-f94f8392289f","displayName":"Logic flows","iconUri":"https://connectoricons-prod.azureedge.net/releases/v1.0.1534/1.0.1534.2605/logicflows/icon.png","dataSources":["Bismillaahhhh"],"dependencies":["baeacf7e-3e6f-4ddc-8bd6-4673f83cd00e"],"dependents":[],"parameterHints":{"workflowName":{"value":"50b4d056-7929-47ed-bca2-3f9e3b9939e6"},"workflowEntityId":{},"baeacf7e-3e6f-4ddc-8bd6-4673f83cd00e":{"value":"shared_onedriveforbusiness"}},"parameterHintsV2":{"workflowName":{"value":"50b4d056-7929-47ed-bca2-3f9e3b9939e6"},"workflowEntityId":{},"shared_onedriveforbusiness":{"value":"baeacf7e-3e6f-4ddc-8bd6-4673f83cd00e"}},"isOnPremiseConnection":false,"bypassConsent":false,"dataSets":{},"apiTier":"Standard","isCustomApiConnection":false,"actions":["Run"],"nestedActions":[{"id":"/providers/Microsoft.PowerApps/apis/shared_onedriveforbusiness/apiOperations/CreateFile","apiName":"OneDrive for Business","actionName":"CreateFile","referencedResources":[]},{"id":"/providers/Microsoft.PowerApps/apis/shared_onedriveforbusiness/apiOperations/CreateShareLinkV2","apiName":"OneDrive for Business","actionName":"CreateShareLinkV2","referencedResources":[]}]},"baeacf7e-3e6f-4ddc-8bd6-4673f83cd00e":{"id":"47f92e68-c5e2-447d-bcd6-6ff72e0ac909","displayName":"OneDrive for Business","iconUri":"https://connectoricons-prod.azureedge.net/releases/v1.0.1546/1.0.1546.2665/onedriveforbusiness/icon.png","dataSources":[],"dependencies":[],"dependents":["5ae6f1f5-0613-457a-95f1-c1c88f015c95"],"parameterHints":{},"parameterHintsV2":{},"isOnPremiseConnection":false,"bypassConsent":false,"dataSets":{},"apiTier":"Standard","isCustomApiConnection":false}},"databaseReferences":{},"almMode":"Environment","performanceOptimizationEnabled":true,"canConsumeAppPass":true,"executionRestrictions":{"isTeamsOnly":false,"dataLossPreventionEvaluationResult":{"status":"Compliant","lastEvaluationDate":"2022-06-09T04:27:08.788344Z","violations":[],"violationsByPolicy":[],"violationErrorMessage":"The app uses the following connectors: shared_sharepointonline, shared_office365users, shared_office365, shared_logicflows, shared_onedriveforbusiness."},"httpActionRestriction":{"appUsesSharepointHttpAction":false,"enforcementStrategy":"Legacy","evaluationTime":"2022-06-09T04:27:08.7882356Z"}}},"appType":"ClassicCanvasApp","appComponents":[]}}